INSERT INTO Mixerr.Cocktail
        (cocktailNo,    name,                           price,        photoUrl,                 preparation,                                                                                             decoration)
VALUES  ('1',           E'L\'Amer',                     '12',         'placeholder.png',        'Bâtir, ajouter la glace dans un old fashioned.',                                                         E'Décorer d\'un zeste de citron flambé.'),
        ('2',           E'L\'Acidulé',                  '12',         'placeholder.png',               'Shaker, dirty pour dans un verre old fashioned.',                                                        E'Décorer d\'une spirale de zeste de citron.'),
        ('3',            'Le Fort',                     '12',         'placeholder.png',               'Faire fumer le verre old fashioned de cannelle. Égoutter et servir sans glace.',                         E'Décorer d\'un zeste d\’orange flambé.'),
        ('4',           E'L\'Épicé',                    '12',         'epice.jpg',          'Shaker, dirty pour dans un verre Hurricane.',                                                             'Demi lime pressé avec 1⁄4 oz Chartreuse, la flamber au moment du service.'),
        ('5',           E'L\'Herbal',                   '12',         'placeholder.png',               'Shaker, double égouttage dans verre à vin rempli de glace.',                                             E'Décorer d\'une spirale Concombre et Basilic.'),
        ('6',            'Le Sucré',                    '12',         'placeholder.png',          'Shaker, dirty pour dans hurricane.',                                                                     E'Couvrir d\'une tranche d\'orange, crème fouettée et 1⁄4 oz de Galliano. Caraméliser à la torche. Ajouter une griotte.'),
        ('7',            'Le Bourgeon',                 '12',         'placeholder.png',       'Shaker, dirty pour dans un verre à vin.',                                                                E'Décorer d\'un zeste de citron et d\'une tige de thym frais '),
        ('8',           E'L\'Été Indien',               '15',         'placeholder.png',      'Shaker vigoureusement avec peu de glace. Dirty pour et allonger avec bière de gingembre Old Tyme.',      E'Décorer d\’une spirale de citron.'),
        ('9',            'Le Festival',                 '15',         'placeholder.png',       'Shaker et dirty pour dans un Old Fashioned.',                                                            E'Décorer d\'un quartier de citron et d\'une feuille de basilic sur un pic .'),
        ('10',           'Le Foulard',                  '15',         'placeholder.png',        'Stir sur glace. Égoutter dans un verre Old Fashioned (sans glace). Allonger avec Old Tyme.',             E'Décorer d\'un peu de cannelle râpée.'),
        ('11',           'La Randonnée',                '15',         'placeholder.png',      'Construire sur glace. Topper avec de la IPA et du Old Tyme à part égale .',                                '-'),
        ('12',           'La Récolte',                  '15',         'placeholder.png',       E'Verser les ingrédients dans un verre Hurricane avec un rim d\'épices Récolte. Allonger de Clamato-Ratatouille. Brasser à même le verre.', E'Décorer d\'une tranche de citron et d\'une brochette de légumes marinés.'),
        ('13',           'Le Brise-Glace',              '15',         'placeholder.png',     'Shaker et dirty pour dans tulipe.',                                                                      E'Décorer d\'un tourbillon de sirop de bleuet.'),
        ('14',           'Le Fleuve',                   '15',         'fleuve.jpg',         'Shaker et double strain dans Old Fashioned. Glace. Topper avec vinho verde Aveleda.',                     'Décorer avec poire asiatique et coriandre.'),
        ('15',           'La Tonkinoise',               '15',         'placeholder.png',     'Shaker et double strain dans mug. Chauffer. Verser dans bol asiatique.',                                  'Baguette, zeste citron, coriandre.'),
        ('16',          E'L\'Archipel',                 '15',         'archipel.jpg',       'Shaker et double strain dans Old Fashioned. Glace.',                                                      'Décorer avec du poivre et un twig de menthe.'),
        ('17',           'La Diva',                     '15',         'placeholder.png',           'Shaker et dirty pour dans tulipe. Glace. Topper avec soda.',                                              'Décorer avec lime.'),
        ('18',           'Le Tsunami',                  '15',         'placeholder.png',        'Shaker avec glace. Shaker sans glace. Verser sur nouvelle glace.',                                       'Décorer avec pamplemousse ou lime.'),
        ('19',           'Le Verger',                   '15',         'placeholder.png',         'Shaker et dirty pour dans Old Fashioned. Glace.',                                                        'Décorer avec cannelle râpée et morceaux de pomme.'),
        ('20',           'Le Old Fashioned du Colonel', '15',         'oldfashioned.jpg',   'Stir 20-25 fois.',                                                                                       E'Décorer avec un zeste d\'orange flambé et frotté autour du verre.'),
        ('21',           'Le Vin Chaud Épicé',          '15',         'placeholder.png',       'Piler les épices et ajouter tous les ingrédients dans une tasse. Faire chauffer avec le mousseur à lait au moins une minute. Filtrer et servir dans une théière.', '-'),
        ('22',           'Le Choc Chaud des Fêtes',     '15',         'placeholder.png',      'Monter le chocolat chaud au lait avec le mousseur. Ajouter la chartreuse et topper de crème fouettée.',  'Flamber le Curaçao et le déposer sur la crème. Décorer de copeaux de chocolat.'),
        ('23',           'Le Bloody Ceasar',            '15',         'placeholder.png',   'Bâtir dans le verre, ajouter de la glace et topper avec le Clamato régulier.',                            E'Garnir d\'une brochette de légumes.'),
        ('24',           'Le Gin Tonic Maison',         '15',         'gintonic.jpg',       'Bâtir sur glace dans Old Fashioned. Topper avec soda.',                                                   E'Garnir d\'une rondelle citron (avec cèdre si possible).'),
        ('25',           'Le Cucumber Ricky',           '15',         'placeholder.png',  'Shaker vigoureusement pour que le concombre mousse. Dirty pour dans un verre à vin.',                     E'Garnir d\'un twirl de zeste d\'orange .'),
        ('26',           'Le Prof Plum',                '15',         'placeholder.png',       'Shaker et double strain dans Marie-Antoinette.',                                                          E'Garnir d\'une feuille de sauge. '),
        ('27',          E'Le Spritz d\'Iberville',      '15',         'iberville.jpg',      'Ajouter orange, lime et citron au shaker. Shaker et dirty pour dans un verre à vin .',                                                                '-'),
        ('28',           'Le Draveur',                  '15',         'placeholder.png',        'Smoker le verre sur bois et canelle. Monter sur glace et strain dans petit old fashioned.',               E'Garnir d\'un twirl de citron '),
        ('29',           'Le Corsaire',                 '15',         'placeholder.png',       'Shaker et dirty pour dans old fashioned.',                                                                E'Garnir d\'une lime et flamber avec Chartreuse '),
        ('30',          E'L\'Impérial',                 '15',         'placeholder.png',       'Monter sur glace et strain dans Marie-Antoinette.',                                                       E'Garnir d\'un twirl de citron '),
        ('31',           'Le Miami Vice',               '15',         'placeholder.png',      'Shaker et dirty pour dans tulipe.',                                                                        'Topper avec du sirop de fraises. '),
        ('32',           'Le Miss Scarlett',            '15',         'scarlett.jpg',      'Shaker et dirty pour dans un old fashioned.',                                                                        E'Garnir d\'un quartier de lime.'),
        ('33',           'Le Cactus',                   '15',         'cactus.jpg',      'Rimer un demi-verre à margarita avec le sel épicé. Shaker le tout et strain dans le verre.',                '-'),
        ('34',          E'L\'Énigme',                   '15',         'enigme.jpg',      'Shaker le tout et double strain dans un verre à vin sur un gros cube de glace.',                E'Garnir d\'une feuille de céleri.'),
        ('35',           'Le Fika',                     '15',         'fika.jpg',      'Shaker le tout et dirty pour dans une tulipe.',                'Saupoudrer de poudre de cacao.'),
        ('36',           'Le Mister Green',             '15',         'mistergreen.jpg',      E'Givrer un verre à vin avec spray d\'Absinthe. Shaker et dirty pour dans le verre.',                E'Garnir d\'une lime et d\'un bonbon au gingembre.');



INSERT INTO Mixerr.TasteTag
        (tagNo,         taste)
VALUES  ('1',           'Sucré'),
        ('2',           'Salé'),
        ('3',           'Acidulé'),
        ('4',           'Épicé'),
        ('5',           'Fruité'),
        ('6',           'Fort'),
        ('7',           'Herbal'),
        ('8',           'Amer'),
        ('9',           'Fumé'),
        ('10',          'Frais');



INSERT INTO Mixerr.IngredientType
        (typeNo,        ingredientType)
VALUES  ('1',           'Alcool'),
        ('2',           'Agrume'),
        ('3',           'Sucre'),
        ('4',           'Sirop'),
        ('5',           'Jus'),
        ('6',           'Bitter'),
        ('7',           'Fruit/Légume'),
        ('8',           'Soda'),
        ('9',           'Autre');



INSERT INTO Mixerr.Ingredient
        (ingredientNo,   ingredientTypeNo,  ingredientName)
VALUES  ('1',            '1',               'Bourbon'),
        ('2',            '1',               'Campari'),
        ('3',            '4',               'sirop café-cardamome'),
        ('4',            '6',               'amers à la Bergamote'),
        ('5',            '1',               'Rhum blanc'),
        ('6',            '1',               'Cynar'),
        ('7',            '2',               'jus de lime'),
        ('8',            '2',               'jus de citron'),
        ('9',            '4',              E'sirop d\'érable'),
        ('10',           '9',              E'blanc d\'oeuf'),
        ('11',           '1',               'Cognac'),
        ('12',           '1',               'Rhum Chic-Choc'),
        ('13',           '4',               'sirop simple'),
        ('14',           '6',               'amers Peychaud'),
        ('15',           '6',               'amers Bookers'),
        ('16',           '1',               'Tequila El Jimador'),
        ('17',           '1',               'Dry Curacao'),
        ('18',           '4',               'sirop pomme-jalapenos'),
        ('19',           '1',               'Gin Ungava'),
        ('20',           '1',               'Sake'),
        ('21',           '4',               'sirop de gingembre'),
        ('22',           '7',               'concombres en dés'),
        ('23',           '7',               'feuilles de basilic'),
        ('24',           '6',              E'amers à l\'orange'),
        ('25',           '9',               'lait de coco'),
        ('26',           '6',               'amers aux pacanes grillées'),
        ('27',           '9',               'crème fouettée'),
        ('28',           '1',               'Galliano'),
        ('29',           '1',               'Canton (liqueur gingembre)'),
        ('30',           '4',              E'sirop d\'érable infusé au thym'),
        ('31',           '4',               'sirop de miel'),
        ('32',           '6',               'amers aux pêches'),
        ('33',           '8',               'Ginger Beer'),
        ('34',           '1',               'Bénédictine'),
        ('35',           '1',               'liqueur St-Germain'),
        ('36',           '4',               'sirop de fraise'),
        ('37',           '4',               'sirop de basilic'),
        ('38',           '6',               'amers à la rhubarbe'),
        ('39',           '1',               'Guinness'),
        ('40',           '6',               'amers au chocolat aztèque'),
        ('41',           '1',               'Drambuie'),
        ('42',           '1',               'Mescal fumé'),
        ('43',           '1',               'IPA'),
        ('44',           '1',               'Vodka'),
        ('45',           '9',               'sauce Worcestershire'),
        ('46',           '9',               'tabasco'),
        ('47',           '1',               'Sortilège aux bleuets'),
        ('48',           '5',              E'jus d\'ananas'),
        ('49',           '4',               'sirop de bleuet'),
        ('50',           '1',               'C.C. Rye'),
        ('51',           '1',               'Vermouth blanc'),
        ('52',           '9',               'sambal oelek'),
        ('53',           '6',               'amers Fu Manchu'),
        ('54',           '9',               'anis étoilée'),
        ('55',           '1',               'Pisco'),
        ('56',           '7',               'feuille de menthe'),
        ('57',           '1',               'Amaretto'),
        ('58',           '4',               'sirop miel-cardamome'),
        ('59',           '4',              E'purée d\'orange sanguine'),
        ('60',           '5',               'jus de pamplemousse'),
        ('61',           '6',               'amers Fuji'),
        ('62',           '1',               'Calvados'),
        ('63',           '1',               'Zubrowka'),
        ('64',           '5',               'jus de pomme'),
        ('65',           '4',               'sirop de moutarde'),
        ('66',           '6',               'amers aux chili fumé'),
        ('67',           '6',               'amers Angostura'),
        ('68',           '1',               'vin rouge'),
        ('69',           '9',               'clous de girofle'),
        ('70',           '1',               'Chartreuse'),
        ('71',           '9',               'chocolat chaud (poudre)'),
        ('72',           '5',              E'saumure d\'olive/pickle'),
        ('73',           '9',               'liquid smoke'),
        ('74',           '4',               'tonic maison'),
        ('75',           '1',               'Glenliveth Founders'),
        ('76',           '5',               'jus de prune'),
        ('77',           '4',               'sirop de miel et sauge'),
        ('78',           '6',              E'amers Smoke n\' Oak'),
        ('79',           '1',               'Amermelade'),
        ('80',           '6',               'amers aux cerises'),
        ('81',           '1',               'liqueur Suze'),
        ('82',           '1',               'Rhum Ananas'),
        ('83',           '4',               'sirop ananas-jalapenos'),
        ('84',           '1',               'Rye Lott 40'),
        ('85',           '1',               'Amernoire'),
        ('86',           '1',               'Rouge Gorge (rouge)'),
        ('87',           '1',               'Rouge Gorge (blanc)'),
        ('88',           '4',              E'sirop d\'épices'),
        ('89',           '2',               'lime pressée'),
        ('90',           '1',               'Tequila Serpiente'),
        ('91',           '9',               'pincée de sel'),
        ('92',           '6',               'amers au yuzu ou citron'),
        ('93',           '7',               'petit bouquet de coriandre'),
        ('94',           '7',               'tranches de poire asiatique en dés'),
        ('95',           '1',               'Gin St-Laurent'),
        ('96',           '9',               'café cold-brew'),
        ('97',           '1',               'Kahlua'),
        ('98',           '1',               'Triple Sec'),
        ('99',           '1',               'Tequila Sauza'),
        ('100',          '1',               'Gin Circa'),
        ('101',          '4',               'sirop de céleri-rave'),
        ('102',          '4',               'sirop de canneberge'),
        ('103',          '1',               'Vodka Zoladkowa'),
        ('104',          '1',               'Southern Confort'),
        ('105',          '6',               'amers à la lime'),
        ('106',          '1',               'liqueur Cocalero'),
        ('107',          '6',               'amers transcanadien');



INSERT INTO Mixerr.CocktailIngredients
        (cocktailNo, ingredientNo, quantity)
VALUES
        /* L'Amer */
        ('1', '1',  1),
        ('1', '2',  0.75),
        ('1', '3',  0.5),
        ('1', '4',  2),

        /* L'Acidulé */
        ('2', '5',  1),
        ('2', '6',  0.5),
        ('2', '7',  0.5),
        ('2', '8',  0.5),
        ('2', '9',  0.5),
        ('2', '10', 1),

        /* Le Fort */
        ('3', '11', 1),
        ('3', '12', 0.5),
        ('3', '1',  0.5),
        ('3', '13', 0.25),
        ('3', '14', 2),

        /* L'Épicé */
        ('4', '16', 1.5),
        ('4', '17', 0.25),
        ('4', '7',  0.5),
        ('4', '89', 0.5),
        ('4', '18', 0.5),

        /* L'Herbal */
        ('5', '19', 0.75),
        ('5', '20', 1),
        ('5', '7',  0.75),
        ('5', '21', 1),
        ('5', '22', 4),
        ('5', '23', 5),
        ('5', '24', 2),

        /* Le Sucré */
        ('6', '12', 1.5),
        ('6', '25', 1),
        ('6', '7',  0.5),
        ('6', '13', 0.75),
        ('6', '26', 2),

        /* Le Bourgeon */
        ('7', '1',  1),
        ('7', '29', 0.5),
        ('7', '8',  0.25),
        ('7', '21', 0.5),
        ('7', '30', 0.5),

        /* L'Été Indien */
        ('8', '19', 1),
        ('8', '17', 0.5),
        ('8', '8',  0.75),
        ('8', '7',  0.25),
        ('8', '31', 0.5),
        ('8', '32', 2),

        /* Le Festival */
        ('9', '5',  1),
        ('9', '34', 0.25),
        ('9', '35', 0.25),
        ('9', '8',  0.25),
        ('9', '36', 1.5),
        ('9', '37', 0.25),
        ('9', '38', 2),

        /* Le Foulard */
        ('10', '1',  1),
        ('10', '39', 5),
        ('10', '3',  0.5),
        ('10', '40', 2),

        /* La Randonnée */
        ('11', '41', 1),
        ('11', '42', 0.5),
        ('11', '8',  0.5),
        ('11', '31', 0.5),
        ('11', '21', 0.25),

        /* La Récolte */
        ('12', '44', 0.75),
        ('12', '90', 0.75),
        ('12', '8',  0.5),
        ('12', '45', 2),
        ('12', '46', 1),

        /* Le Brise-Glace */
        ('13', '47', 1),
        ('13', '28', 0.5),
        ('13', '8',  0.5),
        ('13', '48', 0.5),
        ('13', '13', 0.5),
        ('13', '10', 0.5),
        ('13', '27', 2),

        /* Le Fleuve */
        ('14', '95', 1.5),
        ('14', '7',  0.5),
        ('14', '13', 0.5),
        ('14', '91', 1),
        ('14', '92', 2),
        ('14', '93', 1),
        ('14', '94', 2),

        /* La Tonkinoise */
        ('15', '50', 1.5),
        ('15', '51', 0.5),
        ('15', '7',  0.5),
        ('15', '52', 1),
        ('15', '37', 0.25),
        ('15', '53', 2),
        ('15', '54', 1),

        /* L'Archipel */
        ('16', '55', 1),
        ('16', '51', 0.5),
        ('16', '7',  0.5),
        ('16', '13', 0.5),
        ('16', '10', 0.75),
        ('16', '22', 5),
        ('16', '56', 5),

        /* La Diva */
        ('17', '44', 1),
        ('17', '57', 0.5),
        ('17', '8',  0.25),
        ('17', '58', 0.5),
        ('17', '59', 1.5),

        /* Le Tsunami */
        ('18', '5',  0.75),
        ('18', '2',  0.75),
        ('18', '7',  0.5),
        ('18', '31', 0.5),
        ('18', '10', 0.5),
        ('18', '60', 0.5),
        ('18', '61', 2),

        /* Le Verger */
        ('19', '62', 0.75),
        ('19', '63', 0.75),
        ('19', '8',  0.5),
        ('19', '21', 0.5),
        ('19', '30', 0.5),
        ('19', '64', 0.5),
        ('19', '10', 0.25),

        /* Le Old Fashioned du Colonel */
        ('20', '1',  1.5),
        ('20', '65', 0.5),
        ('20', '66', 1),
        ('20', '67', 1),

        /* Le Vin Chaud Épicé */
        ('21', '68', 4),
        ('21', '1',  0.75),
        ('21', '17', 0.25),
        ('21', '13', 0.5),
        ('21', '69', 5),
        ('21', '54', 1),

        /* Le Choc Chaud des Fêtes */
        ('22', '70', 0.75),
        ('22', '17', 0.5),
        ('22', '71', 1),

        /* Le Bloody Ceasar */
        ('23', '44', 1.5),
        ('23', '8',  0.5),
        ('23', '72', 2),
        ('23', '73', 1),
        ('23', '46', 2),
        ('23', '45', 2),

        /* Le Gin Tonic Maison */
        ('24', '19', 1.5),
        ('24', '74', 0.5),

        /* Le Cucumber Ricky */
        ('25', '19', 1.25),
        ('25', '17', 0.25),
        ('25', '7',  1.5),
        ('25', '13', 0.75),
        ('25', '22', 6),

        /* Le Prof Plum */
        ('26', '75', 1.25),
        ('26', '8',  0.25),
        ('26', '76', 1),
        ('26', '77', 0.5),
        ('26', '78', 1),

        /* Le Spritz d'Iberville */
        ('27', '79', 1),
        ('27', '29', 0.5),
        ('27', '35', 0.25),
        ('27', '80', 1),

        /* Le Draveur */
        ('28', '11', 1),
        ('28', '81', 0.5),
        ('28', '8',  0.25),
        ('28', '9',  0.25),
        ('28', '78', 1),

        /* Le Corsaire */
        ('29', '82', 1),
        ('29', '17', 0.25),
        ('29', '7',  0.5),
        ('29', '83', 0.75),
        ('29', '60', 0.5),

        /* L'Impérial */
        ('30', '84', 0.75),
        ('30', '85', 0.5),
        ('30', '86', 0.5),
        ('30', '88', 0.5),

        /* Le Miami Vice */
        ('31', '12', 0.75),
        ('31', '17', 0.25),
        ('31', '28', 0.25),
        ('31', '25', 1),
        ('31', '48', 0.5),
        ('31', '27', 1),

        /* Le Miss Scarlett */
        ('32', '104', 1),
        ('32', '103', 0.5),
        ('32', '7',   0.75),
        ('32', '10',  0.75),
        ('32', '102', 1),
        ('32', '13',  0.5),
        ('32', '105', 2),

        /* Le Cactus */
        ('33', '99', 1.5),
        ('33', '98', 0.5),
        ('33', '83', 0.75),
        ('33', '7',  0.75),
        ('33', '13', 0.5),
        ('33', '91', 1),

        /* L'Énigme */
        ('34', '100', 1.5),
        ('34', '81',  0.5),
        ('34', '8',   0.75),
        ('34', '101', 0.75),
        ('34', '61',  1),
        ('34', '91',  1),

        /* Le Fika */
        ('35', '96',  3),
        ('35', '97',  0.75),
        ('35', '98',  0.5),
        ('35', '28',  0.75),
        ('35', '13',  1),
        ('35', '40',  2),
        ('35', '27',  1),

        /* Le Mister Green */
        ('36', '106', 1),
        ('36', '42',  0.75),
        ('36', '7',   0.5),
        ('36', '13',  0.5),
        ('36', '21',  0.5),
        ('36', '64',  0.5),
        ('36', '107', 1);


INSERT INTO Mixerr.CocktailTasteTags
        (cocktailNo,  tasteTagNo)
VALUES
        /* L'Amer */
        ('1', '8'),
        ('1', '6'),

        /* L'Acidulé */
        ('2', '3'),
        ('2', '1'),

        /* Le Fort */
        ('3', '6'),

        /* L'Épicé */
        ('4', '4'),
        ('4', '6'),

        /* L'Herbal */
        ('5', '7'),

        /* Le Sucré */
        ('6', '1'),

        /* Le Bourgeon */
        ('7', '7'),
        ('7', '1'),

        /* L'Été Indien */
        ('8', '3'),
        ('8', '4'),

        /* Le Festival */
        ('9', '5'),
        ('9', '1'),

        /* Le Foulard */
        /* j'en trouve pas vraiment */

        /* La Randonnée */
        ('11', '9'),

        /* La Récolte */
        ('12', '2'),

        /* Le Brise-Glace */
        ('13', '1'),
        ('13', '5'),

        /* Le Fleuve */
        ('14', '2'),

        /* La Tonkinoise */
        ('15', '4'),

        /* L'Archipel */
        ('16', '10'),
        ('16', '7'),

        /* La Diva */
        ('17', '5'),

        /* Le Tsunami */
        ('18', '8'),

        /* Le Verger */
        ('19', '1'),
        ('19', '5'),

        /* Le Old Fashioned du Colonel */
        ('20', '6'),

        /* Le Vin Chaud Épicé */
        ('21', '6'),

        /* Le Choc Chaud des Fêtes */
        ('22', '1'),

        /* Le Bloody Ceasar */
        ('23', '2'),
        ('23', '4'),

        /* Le Gin Tonic Maison */
        ('24', '8'),

        /* Le Cucumber Ricky */
        ('25', '10'),
        ('25', '7'),

        /* Le Prof Plum */
        ('26', '6'),

        /* Le Spritz d'Iberville */
        ('27', '10'),

        /* Le Draveur */
        ('28', '6'),
        ('28', '9'),

        /* Le Corsaire */
        ('29', '4'),

        /* L'Impérial */
        ('30', '6'),

        /* Le Miami Vice */
        ('31', '1'),
        ('31', '5'),

        /* Le Miss Scarlett */
        ('32', '5'),
        ('32', '3'),

        /* Le Cactus */
        ('33', '4'),
        ('33', '3'),

        /* L'Énigme */
        ('34', '2'),
        ('34', '10'),

        /* Le Fika */
        ('35', '1'),

        /* Le Mister Green */
        ('36', '1'),
        ('35', '7');



INSERT INTO Mixerr.Preposition
        (prepositionNo, preposition)
VALUES  ('0',           ''),
        ('1',           ' oz de '),
        ('2',          E' oz d\''),
        ('3',          E' traits d\''),
        ('4',           ' traits de '),
        ('5',           ' de '),
        ('6',           ' rondelles de '),
        ('7',           ' splash de '),
        ('8',           ' petite cuillière de '),
        ('9',           E' morceau d\''),
        ('10',            ' morceau de '),
        ('11',          E' tranche d\''),
        ('12',           ' tranche de '),
        ('13',          E' gouttes d\''),
        ('14',           ' gouttes de ');



INSERT INTO Mixerr.IngredientPrepositions
        (ingredientNo,  prepositionNo)
VALUES
        ('1',            '1'),
        ('2',            '1'),
        ('3',            '1'),
        ('4',            '3'),
        ('5',            '1'),
        ('6',            '1'),
        ('7',            '1'),
        ('8',            '1'),
        ('9',            '1'),
        ('10',           '1'),
        ('11',           '1'),
        ('12',           '1'),
        ('13',           '1'),
        ('14',           '3'),
        ('15',           '3'),
        ('16',           '1'),
        ('17',           '1'),
        ('18',           '1'),
        ('19',           '1'),
        ('20',           '1'),
        ('21',           '1'),
        ('22',           '6'),
        ('23',           '0'),
        ('24',           '3'),
        ('25',           '1'),
        ('26',           '3'),
        ('27',           '7'),
        ('28',           '1'),
        ('29',           '1'),
        ('30',           '1'),
        ('31',           '1'),
        ('32',           '3'),
        ('33',           '1'),
        ('34',           '1'),
        ('35',           '1'),
        ('36',           '1'),
        ('37',           '1'),
        ('38',           '3'),
        ('39',           '1'),
        ('40',           '3'),
        ('41',           '1'),
        ('42',           '1'),
        ('43',           '2'),
        ('44',           '1'),
        ('45',           '4'),
        ('46',           '4'),
        ('47',           '1'),
        ('48',           '1'),
        ('49',           '1'),
        ('50',           '1'),
        ('51',           '1'),
        ('52',           '8'),
        ('53',           '3'),
        ('54',           '0'),
        ('55',           '1'),
        ('56',           '0'),
        ('57',           '2'),
        ('58',           '1'),
        ('59',           '1'),
        ('60',           '1'),
        ('61',           '3'),
        ('62',           '1'),
        ('63',           '1'),
        ('64',           '1'),
        ('65',           '1'),
        ('66',           '3'),
        ('67',           '3'),
        ('68',           '1'),
        ('69',           '0'),
        ('70',           '1'),
        ('71',           '0'),
        ('72',           '1'),
        ('73',           '14'),
        ('74',           '1'),
        ('75',           '1'),
        ('76',           '1'),
        ('77',           '1'),
        ('78',           '3'),
        ('79',           '2'),
        ('80',           '3'),
        ('81',           '1'),
        ('82',           '1'),
        ('83',           '1'),
        ('84',           '1'),
        ('85',           '2'),
        ('86',           '1'),
        ('87',           '1'),
        ('88',           '1'),
        ('89',           '0'),
        ('90',           '1'),
        ('91',           '0'),
        ('92',           '3'),
        ('93',           '0'),
        ('94',           '0'),
        ('95',           '1'),
        ('96',           '1'),
        ('97',           '1'),
        ('98',           '1'),
        ('99',           '1'),
        ('100',          '1'),
        ('101',          '1'),
        ('102',          '1'),
        ('103',          '1'),
        ('104',          '1'),
        ('105',          '3'),
        ('106',          '1'),
        ('107',          '3');